emp dim.emp_id,Age,Attrition,DistanceFromHome,MonthlyIncome,PercentSalaryHike,PerformanceRating,TrainingTimesLastYear,TotalWorkingYears,YearsAtCompany,YearsInCurrentRole,YearsSinceLastPromotion,YearsWithCurrManager
1,41,Yes,1,5993,11,3,0,8,6,4,0,5
2,49,No,8,5130,23,4,3,10,10,7,1,7
3,37,Yes,2,2090,15,3,3,7,0,0,0,0
4,33,No,3,2909,11,3,3,8,8,7,3,0
6,32,No,2,3068,13,3,2,8,7,7,3,6
5,27,No,2,3468,12,3,3,6,2,2,2,2
7,59,No,3,2670,20,4,3,12,1,0,0,0
8,30,No,24,2693,22,4,2,1,1,0,0,0
9,38,No,23,9526,21,4,2,10,9,7,1,8
10,36,No,27,5237,13,3,3,17,7,7,7,7
11,35,No,16,2426,13,3,5,6,5,4,0,3
12,29,No,15,4193,12,3,3,10,9,5,0,8
13,31,No,26,2911,17,3,1,5,5,2,4,3
14,34,No,19,2661,11,3,2,3,2,2,1,2
15,28,Yes,24,2028,14,3,4,6,4,2,0,3
16,29,No,21,9980,11,3,1,10,10,9,8,8
17,32,No,5,3298,12,3,5,7,6,2,0,5
18,22,No,16,2935,13,3,2,1,1,0,0,0
19,53,No,2,15427,16,3,3,31,25,8,3,7
20,38,No,2,3944,11,3,3,6,3,2,1,2
21,24,No,11,4011,18,3,5,5,4,2,1,3
22,36,Yes,9,3407,23,4,4,10,5,3,0,3
23,34,No,7,11994,11,3,4,13,12,6,2,11
24,21,No,15,1232,14,3,6,0,0,0,0,0
25,34,Yes,6,2960,11,3,2,8,4,2,1,3
26,53,No,5,19094,11,3,3,26,14,13,4,8
27,32,Yes,16,3919,22,4,5,10,10,2,6,7
28,42,No,8,6825,11,3,2,10,9,7,4,2
29,44,No,7,10248,14,3,4,24,22,6,5,17
30,46,No,2,18947,12,3,2,22,2,2,2,1
31,33,No,2,2496,11,3,3,7,1,1,0,0
32,44,No,10,6465,13,3,5,9,4,2,1,3
33,30,No,9,2206,13,3,5,10,10,0,1,8
34,39,Yes,5,2086,14,3,6,19,1,0,0,0
35,24,Yes,1,2293,16,3,2,6,2,0,2,0
36,43,No,2,2645,12,3,3,6,5,3,1,4
37,50,Yes,3,2683,14,3,2,3,3,2,0,2
38,35,No,2,2014,13,3,3,2,2,2,2,2
39,36,No,5,3419,14,3,3,6,1,1,0,0
40,33,No,1,5376,19,3,3,10,5,3,1,3
41,35,No,4,1951,12,3,3,1,1,0,0,0
42,27,No,2,2341,13,3,6,1,1,0,0,0
43,26,Yes,25,2293,12,3,2,1,1,0,0,1
44,27,No,8,8726,15,3,0,9,9,8,1,7
45,30,No,1,4011,23,4,2,12,12,8,3,7
46,41,Yes,12,19545,12,3,0,23,22,15,15,8
47,34,No,23,4568,20,4,2,10,9,5,8,7
48,37,No,19,3022,21,4,1,8,1,0,0,0
49,46,No,5,5772,21,4,4,14,9,6,0,8
50,35,No,8,2269,19,3,2,1,1,0,0,1
51,48,Yes,1,5381,13,3,2,23,1,0,0,0
52,28,Yes,5,3441,13,3,3,2,2,2,2,2
53,44,No,1,5454,21,4,2,9,4,3,1,3
54,35,No,11,9884,13,3,3,10,4,0,2,3
55,26,No,23,4157,19,3,2,5,2,2,0,0
56,33,No,1,13458,12,3,1,15,15,14,8,12
57,35,No,18,9069,22,4,3,9,9,8,1,8
58,35,No,23,4014,15,3,3,4,2,2,2,2
59,31,No,7,5915,22,4,3,10,7,7,1,7
60,37,No,1,5993,18,3,2,7,7,5,0,7
61,32,No,1,6162,22,4,3,9,9,8,7,8
62,38,No,29,2406,11,3,2,10,10,3,9,9
63,50,No,7,18740,12,3,2,29,27,3,13,8
64,59,No,25,7637,11,3,3,28,21,16,7,9
65,36,No,8,10096,13,3,2,17,17,14,12,8
66,55,No,8,14756,14,3,2,21,5,0,0,2
67,36,No,11,6499,13,3,3,6,6,5,0,3
68,45,No,7,9724,17,3,2,25,1,0,0,0
69,35,No,1,2194,13,3,2,5,3,2,1,2
70,36,Yes,9,3388,17,3,0,2,1,0,0,0
71,59,No,1,5473,11,3,2,20,4,3,1,3
72,29,No,2,2703,23,4,3,6,5,4,0,4
73,31,No,1,2501,17,3,4,1,1,1,1,0
74,32,No,1,6220,17,3,3,10,10,4,0,9
75,36,No,6,3038,12,3,3,5,1,0,0,0
76,31,No,8,4424,23,4,2,11,11,7,1,8
77,35,No,1,4312,14,3,2,16,15,13,2,8
78,45,No,6,13245,14,3,3,17,0,0,0,0
79,37,No,7,13664,13,3,3,16,5,2,0,2
80,46,No,5,5021,22,4,2,16,4,2,0,2
81,30,No,1,5126,12,3,1,10,10,8,3,0
82,35,No,1,2859,18,3,3,6,6,4,0,4
83,55,No,1,10239,14,3,4,24,1,0,1,0
84,38,No,6,5329,12,3,3,17,13,11,1,9
85,34,No,1,4325,15,3,2,5,5,2,1,3
86,56,No,7,7260,11,3,3,37,6,4,0,2
87,23,No,2,2322,13,3,3,3,0,0,0,0
88,51,No,9,2075,23,4,4,10,4,2,0,3
89,30,No,2,4152,19,3,3,11,11,10,10,8
90,46,Yes,9,9619,16,3,3,9,9,8,4,7
91,40,No,1,13503,22,4,3,22,22,3,11,11
92,51,No,21,5441,22,4,2,11,10,7,1,0
93,30,No,4,5209,12,3,4,11,11,8,2,7
94,46,No,1,10673,13,3,5,21,10,9,9,5
95,32,No,6,5010,16,3,0,12,11,8,5,7
96,54,No,2,13549,12,3,5,16,4,3,0,3
97,24,No,3,4999,21,4,2,4,3,2,0,2
98,28,No,4,4221,15,3,3,5,5,4,0,4
99,58,No,10,13872,13,3,1,38,37,10,1,8
100,44,No,23,2042,12,3,3,17,3,2,1,2
101,37,Yes,6,2073,22,4,3,7,3,2,0,2
102,32,No,1,2956,13,3,2,1,1,0,0,0
103,20,Yes,6,2926,18,3,5,1,1,0,1,0
104,34,No,6,4809,14,3,3,16,16,13,2,10
105,37,No,2,5163,14,3,2,17,1,0,0,0
106,59,No,2,18844,21,4,3,30,3,2,2,2
107,50,No,1,18172,19,3,1,28,8,3,0,7
108,25,Yes,5,5744,11,3,1,6,6,4,0,3
109,25,No,7,2889,11,3,2,2,2,2,2,1
110,22,No,15,2871,15,3,5,1,0,0,0,0
111,51,No,1,7484,20,4,1,23,13,12,12,8
112,34,Yes,7,6074,24,4,3,9,9,7,0,6
113,54,No,26,17328,12,3,3,23,5,3,4,4
114,24,No,18,2774,12,3,2,6,5,3,1,2
115,34,No,6,4505,15,3,3,12,1,0,0,0
116,37,No,3,7428,12,3,3,12,5,3,1,3
117,34,No,5,11631,12,3,6,14,11,10,5,8
118,36,No,11,9738,14,3,6,10,9,7,2,8
119,36,No,3,2835,22,4,2,7,1,0,0,0
120,43,No,26,16959,12,3,3,25,25,12,4,12
121,30,No,23,2613,25,4,2,10,10,7,0,9
122,33,No,22,6146,13,3,2,8,7,7,0,7
123,56,Yes,14,4963,18,3,2,7,5,4,4,3
124,51,No,6,19537,13,3,5,23,20,18,15,15
125,31,Yes,6,6172,18,3,3,12,7,7,7,7
126,26,No,6,2368,19,3,3,5,5,4,4,3
127,58,Yes,23,10312,12,3,3,40,40,10,15,6
128,19,Yes,22,1675,19,3,2,0,0,0,0,0
129,22,No,2,2523,14,3,2,3,2,1,2,1
130,49,No,20,6567,14,3,2,16,15,11,5,11
131,43,No,28,4739,12,3,2,18,3,2,1,2
132,50,No,12,9208,11,3,3,16,2,2,2,1
133,31,Yes,20,4559,11,3,2,4,2,2,2,2
134,41,No,9,8189,13,3,2,12,9,7,0,7
135,26,No,25,2942,23,4,3,8,8,7,5,7
136,36,No,6,4941,20,4,0,7,3,2,0,1
137,51,Yes,8,10650,15,3,2,18,4,2,0,3
138,39,No,4,5902,14,3,1,17,15,11,5,9
139,25,No,28,8639,18,3,3,6,2,2,2,2
140,30,No,9,6347,19,3,2,12,11,9,4,7
141,32,Yes,9,4200,22,4,2,10,5,4,0,4
142,45,No,29,3452,13,3,2,9,6,5,0,3
143,38,No,3,4317,20,4,2,19,3,2,2,2
144,30,No,18,2632,14,3,4,5,5,4,0,4
145,32,No,9,4668,17,3,2,9,8,7,0,7
146,30,No,5,3204,14,3,3,8,3,2,2,2
147,30,No,2,2720,13,3,3,6,5,3,1,2
148,41,No,10,17181,13,3,2,21,7,6,7,7
149,41,No,9,2238,21,4,2,7,5,0,1,4
150,19,No,3,1483,14,3,3,1,1,0,0,0
151,40,No,26,5605,11,3,2,20,20,7,2,13
152,35,No,1,7295,13,3,3,10,10,8,0,6
153,53,No,6,2306,20,4,3,13,7,7,4,5
154,45,No,9,2348,18,3,2,20,17,9,0,15
155,32,No,8,8998,14,3,2,9,9,8,3,7
156,29,No,1,4319,13,3,1,10,10,7,0,9
157,51,No,7,6132,17,3,2,10,1,0,0,0
158,58,No,9,3346,20,4,3,9,1,0,0,0
159,40,No,4,10855,11,3,2,15,12,11,2,11
160,34,No,2,2231,18,3,3,6,4,3,1,2
161,22,No,19,2323,24,4,6,2,2,2,2,2
162,27,No,9,2024,18,3,1,6,2,2,2,2
163,28,No,21,2713,11,3,2,5,5,2,0,2
164,57,No,24,9439,16,3,2,12,5,3,1,4
165,27,No,3,2566,15,3,2,1,1,1,0,1
166,50,No,11,19926,15,3,5,21,5,4,4,4
167,41,No,14,2451,12,3,2,13,9,8,1,8
168,30,No,5,9419,12,3,2,12,10,9,7,4
169,38,No,1,8686,22,4,2,12,8,3,0,7
170,32,No,6,3038,20,4,2,8,5,4,1,4
171,27,No,17,3058,16,3,3,6,5,2,1,1
172,19,Yes,1,2325,21,4,5,1,0,0,0,0
173,36,No,3,2088,12,3,3,13,8,7,7,2
174,30,No,9,3072,11,3,4,12,12,9,6,10
175,45,No,4,5006,11,3,3,9,5,4,0,3
176,56,No,8,4257,18,3,3,19,2,2,2,2
177,33,No,2,2500,14,3,2,4,3,1,0,2
178,19,Yes,2,1102,22,4,3,1,1,0,1,0
179,46,No,1,10453,25,4,2,24,24,13,15,7
180,38,No,9,2288,12,3,3,2,2,2,2,1
181,31,No,12,3929,23,4,0,7,4,2,0,2
182,34,No,27,2311,15,3,3,9,3,2,1,2
183,41,Yes,20,3140,22,4,5,4,4,3,0,2
184,50,No,1,3690,15,3,2,5,3,2,0,2
185,53,No,13,4450,11,3,3,5,4,2,1,3
186,33,No,14,2756,13,3,5,8,8,7,1,6
187,40,No,4,19033,14,3,2,21,20,8,9,9
188,55,No,14,18722,11,3,3,36,24,15,2,15
189,34,No,2,9547,17,3,2,10,10,9,1,9
190,51,No,3,13734,18,3,6,21,7,7,1,0
191,52,No,1,19999,14,3,5,34,33,18,11,9
192,27,No,9,2279,16,3,2,7,7,7,0,3
193,35,Yes,23,5916,13,3,1,8,1,0,0,1
194,43,No,7,2089,14,3,3,7,5,4,2,2
195,45,No,2,16792,23,4,1,22,20,8,11,8
196,37,No,21,3564,12,3,3,8,8,7,1,7
197,35,No,2,4425,11,3,5,10,6,2,1,2
198,42,No,21,5265,16,3,5,11,5,3,0,2
199,38,No,2,6553,14,3,3,14,1,0,0,0
200,38,No,29,6261,18,3,3,9,7,7,1,7
201,27,No,1,4298,19,3,1,6,2,2,2,0
202,49,No,18,6804,15,3,0,7,7,7,1,7
203,34,No,10,3815,17,3,4,5,5,3,2,0
204,40,No,19,2741,15,3,2,15,7,2,3,7
205,38,Yes,29,6673,19,3,2,17,1,0,0,0
206,29,Yes,27,7639,22,4,3,10,10,4,1,9
207,22,No,5,2328,16,3,2,4,4,2,2,2
208,36,No,18,2153,13,3,2,8,8,1,1,7
209,40,No,9,4876,14,3,5,5,3,2,0,2
210,46,No,1,9396,16,3,3,17,4,2,0,3
211,32,Yes,4,10400,11,3,2,14,14,8,9,8
212,30,No,1,8474,22,4,2,12,11,8,5,8
213,27,No,20,9981,14,3,2,7,7,7,0,7
214,51,No,8,12490,16,3,5,16,10,9,4,7
215,30,Yes,3,2657,11,3,5,8,5,2,0,4
216,41,No,6,13591,18,3,3,16,1,0,0,0
217,30,Yes,26,6696,15,3,5,9,6,3,0,1
218,29,Yes,1,2058,14,3,1,7,6,2,1,5
219,45,No,6,8865,12,3,2,23,19,7,12,8
220,54,No,3,5940,14,3,4,16,6,2,0,5
221,36,No,5,5914,16,3,3,16,13,11,3,7
222,33,No,4,2622,21,4,3,7,3,2,1,1
223,37,No,11,12185,14,3,1,10,10,8,0,7
224,38,No,3,10609,12,3,6,17,16,10,5,13
225,31,No,1,4345,12,3,2,6,5,4,1,4
226,59,No,3,2177,17,3,6,7,1,0,0,0
227,37,No,4,2793,17,3,2,13,9,8,5,8
228,29,No,1,7918,14,3,5,11,11,10,4,1
229,35,No,1,8789,14,3,3,10,10,7,0,8
230,29,Yes,18,2389,13,3,3,4,4,3,0,1
231,52,No,2,3212,15,3,3,6,2,2,2,2
232,42,No,4,19232,11,3,3,22,22,17,11,15
233,59,No,6,2267,17,3,2,7,2,2,2,2
234,50,No,1,19517,11,3,3,32,7,0,0,6
235,33,Yes,14,2436,13,3,2,8,5,4,0,4
236,43,No,16,16064,22,4,3,22,17,13,1,9
237,33,Yes,2,2707,20,4,3,13,9,7,1,7
238,52,No,2,19068,18,3,2,33,33,7,15,12
239,32,No,4,3931,11,3,5,6,4,3,1,2
240,32,Yes,1,3730,14,3,2,4,3,2,1,2
241,39,No,1,2232,14,3,1,7,3,2,1,2
242,32,No,26,4465,18,3,2,4,3,2,2,2
243,41,No,19,3072,16,3,2,17,1,0,0,0
244,40,No,24,3319,17,3,3,9,9,8,4,7
245,45,No,1,19202,11,3,2,25,24,0,1,7
246,31,No,3,13675,12,3,3,9,2,2,2,2
247,33,No,5,2911,13,3,2,2,2,2,0,2
248,34,No,2,5957,13,3,3,13,11,9,5,9
249,37,No,1,3920,14,3,2,17,3,1,0,2
250,45,No,7,6434,17,3,1,9,3,2,0,2
251,37,Yes,10,10048,11,3,5,17,1,0,0,0
252,39,No,2,10938,25,4,1,20,19,6,11,8
253,29,No,15,2340,19,3,1,6,6,5,1,5
254,42,No,17,6545,13,3,1,10,3,2,0,2
255,29,No,20,6931,14,3,2,10,3,2,0,2
256,25,No,1,4898,12,3,3,5,4,2,1,2
257,42,No,2,2593,11,3,4,10,9,6,7,8
258,40,No,2,19436,19,3,5,22,21,7,3,9
259,51,No,1,2723,11,3,0,1,1,0,0,0
260,31,Yes,29,3479,11,3,2,6,5,4,1,4
261,32,No,7,2794,20,4,3,5,5,1,0,3
262,38,No,2,5249,18,3,0,13,8,7,7,5
263,32,No,2,2176,13,3,5,9,6,2,0,4
264,46,No,2,16872,12,3,2,28,7,7,7,7
265,28,Yes,2,3485,11,3,5,5,0,0,0,0
266,29,No,2,6644,19,3,2,10,0,0,0,0
267,31,No,23,5582,21,4,2,10,9,0,7,8
268,25,No,5,4000,12,3,2,6,6,3,1,5
269,45,No,20,13496,14,3,2,21,20,7,4,10
270,36,No,6,3210,11,3,4,16,15,13,10,11
271,55,No,1,19045,14,3,2,37,36,10,4,13
272,47,Yes,29,11849,12,3,2,10,10,7,9,9
273,28,No,9,2070,23,4,3,5,5,2,0,4
274,37,No,6,6502,14,3,5,7,5,4,0,1
275,21,No,3,3230,17,3,4,3,3,2,1,0
276,37,No,1,13603,18,3,2,15,5,2,0,2
277,35,No,22,11996,18,3,6,10,7,7,6,2
278,38,No,7,5605,24,4,3,8,8,0,7,7
279,26,No,1,6397,20,4,6,6,6,5,1,4
280,50,No,4,19144,14,3,4,28,10,4,1,6
281,53,No,3,17584,16,3,5,21,5,3,1,3
282,42,No,1,4907,25,4,3,20,20,16,11,6
283,29,No,2,4554,18,3,3,10,10,7,0,9
284,55,No,20,5415,19,3,4,12,10,7,0,8
285,26,No,11,4741,13,3,3,5,5,3,3,3
286,37,No,1,2115,12,3,3,17,17,12,5,7
287,44,Yes,24,3161,22,4,0,19,1,0,0,0
288,38,No,23,5745,14,3,2,10,2,2,1,2
289,26,Yes,16,2373,13,3,2,5,3,2,0,2
290,28,No,8,3310,21,4,3,5,5,3,0,2
291,49,No,10,18665,11,3,4,22,3,2,1,2
292,36,No,3,4485,12,3,2,10,8,0,7,7
293,31,No,5,2789,11,3,5,2,2,2,2,2
294,26,Yes,4,5828,12,3,0,8,8,7,7,4
295,37,No,9,2326,12,3,3,4,4,2,1,2
296,42,No,26,13525,14,3,2,23,20,4,4,8
297,18,Yes,3,1420,13,3,2,0,0,0,0,0
298,35,No,16,8020,15,3,3,12,11,9,6,9
299,36,No,18,3688,18,3,2,4,1,0,0,0
300,51,No,2,5482,18,3,3,13,4,1,1,2
301,41,No,2,16015,19,3,2,22,22,10,0,4
302,18,No,10,1200,12,3,2,0,0,0,0,0
303,28,No,16,5661,19,3,2,9,8,3,0,7
304,31,No,7,6929,11,3,3,10,8,7,7,7
305,39,No,1,9613,17,3,5,19,18,10,3,7
306,36,No,24,5674,15,3,3,11,9,8,0,8
307,32,No,7,5484,14,3,3,13,13,8,4,8
308,38,No,25,12061,17,3,2,19,10,8,0,1
309,58,No,1,5660,13,3,2,12,5,3,1,2
310,31,No,5,4821,12,3,4,6,5,2,0,3
311,31,No,2,6410,12,3,1,9,2,2,1,0
312,45,No,7,5210,18,3,2,24,24,9,9,11
313,31,No,2,2695,18,3,2,3,2,2,2,2
314,33,No,5,11878,11,3,2,12,10,6,8,8
315,39,No,10,17068,14,3,3,21,21,9,11,10
316,43,No,10,2455,19,3,5,9,8,7,1,7
317,49,No,1,13964,12,3,2,25,7,1,0,7
318,52,Yes,8,4941,15,3,3,11,8,2,7,7
319,27,No,5,2478,12,3,2,4,4,3,1,2
320,32,No,8,5228,11,3,2,13,13,12,11,9
321,27,No,2,4478,11,3,3,5,5,4,0,4
322,31,No,7,7547,12,3,3,13,7,7,1,7
323,32,No,2,5055,16,3,0,10,7,7,0,7
324,28,Yes,2,3464,13,3,4,5,3,2,2,2
325,30,No,28,5775,13,3,2,11,10,8,1,9
326,31,No,7,8943,24,4,2,10,10,9,8,9
327,39,No,7,19272,15,3,2,21,21,9,13,3
328,39,Yes,3,5238,18,3,3,12,1,0,0,0
329,33,No,10,4682,14,3,6,9,7,7,0,1
330,47,No,5,18300,11,3,2,21,3,2,1,1
331,43,No,10,5257,11,3,3,9,9,7,0,0
332,27,No,1,6349,13,3,0,6,5,4,1,4
333,54,No,20,4869,12,3,4,20,4,3,0,3
334,43,No,7,9985,16,3,1,10,1,0,0,0
335,45,No,8,3697,14,3,3,12,10,9,9,8
336,40,No,1,7457,22,4,2,6,4,3,0,2
337,29,Yes,8,2119,11,3,4,7,7,7,0,7
338,29,No,9,3983,17,3,2,4,3,2,2,2
339,30,No,5,6118,13,3,2,10,10,9,1,2
340,27,No,8,6214,18,3,3,8,8,7,0,7
341,37,No,5,6347,16,3,2,8,6,2,0,4
342,38,No,15,11510,14,3,3,12,11,10,2,9
343,31,No,7,7143,14,3,2,11,11,9,4,10
344,29,No,10,8268,14,3,2,7,7,7,1,7
345,35,No,5,8095,13,3,5,17,16,6,0,13
346,23,No,26,2904,12,3,2,4,4,2,0,2
347,41,No,6,6032,15,3,3,8,5,4,1,2
348,47,No,4,2976,19,3,3,5,0,0,0,0
349,42,No,23,15992,14,3,2,16,1,0,0,0
350,29,No,2,4649,14,3,3,4,4,3,0,2
351,42,No,2,2696,11,3,5,4,3,2,1,0
352,32,No,2,2370,13,3,4,8,8,0,0,7
353,48,No,29,12504,21,4,3,15,0,0,0,0
354,37,No,6,5974,13,3,2,13,7,7,6,7
355,30,No,25,4736,12,3,2,4,2,2,2,2
356,26,No,1,5296,17,3,3,8,8,7,7,7
357,42,No,2,6781,23,4,6,14,1,0,0,0
358,21,Yes,1,2174,11,3,3,3,3,2,1,2
359,36,No,1,6653,15,3,6,7,1,0,0,0
360,36,No,3,9699,11,3,2,16,13,9,1,12
361,57,No,1,6755,11,3,2,15,3,2,1,2
362,40,No,10,2213,13,3,3,10,7,7,1,7
363,21,No,9,2610,24,4,3,3,3,2,2,2
364,33,Yes,5,2851,13,3,2,1,1,0,0,0
365,37,No,10,3452,20,4,3,17,5,4,0,3
366,46,No,7,5258,14,3,2,7,1,0,0,0
367,41,Yes,4,9355,18,3,5,8,8,7,7,7
368,50,No,10,10496,15,3,2,20,4,3,1,3
369,40,Yes,22,6380,12,3,6,8,6,4,1,0
370,31,No,9,2657,16,3,5,3,2,2,2,2
371,21,Yes,12,2716,15,3,0,1,1,0,0,0
372,29,No,23,2201,16,3,4,6,3,2,1,2
373,35,No,9,6540,19,3,5,10,1,1,0,0
374,27,No,1,3816,11,3,2,5,5,2,0,4
375,28,No,9,5253,16,3,1,7,7,5,0,7
376,49,No,7,10965,24,4,2,26,5,2,0,0
377,51,No,14,4936,11,3,2,18,7,7,0,7
378,36,No,2,2543,13,3,3,6,2,2,2,2
379,34,Yes,19,5304,13,3,3,9,5,2,0,4
380,55,No,2,16659,13,3,2,30,5,4,1,2
381,24,No,10,4260,12,3,2,5,5,2,0,3
382,30,No,2,2476,18,3,3,1,1,0,0,0
383,26,Yes,3,3102,22,4,2,7,6,4,0,4
384,22,No,11,2244,13,3,1,2,2,1,1,2
385,36,No,2,7596,13,3,2,10,10,9,9,0
386,30,Yes,4,2285,23,4,4,3,1,0,0,0
387,37,No,14,3034,12,3,2,18,18,7,12,17
388,40,No,2,5715,12,3,5,8,5,4,1,3
389,42,No,1,2576,16,3,5,8,5,2,1,2
390,37,No,10,4197,12,3,2,18,1,0,0,1
391,43,No,12,14336,11,3,3,25,25,10,3,9
392,40,No,2,3448,22,4,3,20,1,0,0,0
393,54,No,5,19406,11,3,4,24,4,2,1,2
394,34,No,4,6538,15,3,3,6,3,2,1,2
395,31,No,7,4306,12,3,5,13,13,10,3,12
396,43,No,21,2258,20,4,1,8,3,2,1,2
397,43,No,8,4522,14,3,3,8,5,2,0,2
398,25,No,4,4487,11,3,3,5,5,4,1,3
399,37,No,25,4449,15,3,2,15,13,11,10,7
400,31,No,1,2218,12,3,3,4,4,2,3,2
401,39,No,1,19197,14,3,3,21,21,8,1,6
402,56,No,6,13212,11,3,0,36,7,7,7,7
403,30,No,12,6577,11,3,6,6,5,4,4,4
404,41,No,1,8392,16,3,2,10,10,7,0,7
405,28,No,17,4558,12,3,2,10,10,0,1,8
406,25,Yes,3,4031,13,3,5,6,2,2,0,2
407,52,No,3,7969,14,3,4,28,5,4,0,4
408,45,No,10,2654,21,4,3,8,2,2,0,2
409,52,No,4,16555,13,3,2,31,5,2,1,4
410,42,No,29,4556,11,3,3,19,5,4,0,2
411,30,No,2,6091,20,4,2,11,5,4,0,2
412,60,No,7,19566,11,3,5,33,29,8,11,10
413,46,No,18,4810,14,3,5,19,10,7,0,8
414,42,No,28,4523,11,3,4,7,6,5,0,4
415,24,Yes,1,3202,16,3,4,6,5,3,1,4
416,34,Yes,6,2351,16,3,3,3,2,2,1,0
417,38,No,2,1702,23,4,3,1,1,0,0,0
418,40,No,2,18041,14,3,2,21,20,15,1,12
419,26,No,23,2886,22,4,3,3,3,2,0,2
420,30,No,3,2097,15,3,3,9,5,3,1,4
421,29,No,3,11935,18,3,2,10,10,2,0,7
422,29,Yes,25,2546,16,3,2,6,2,2,1,1
423,19,Yes,2,2564,12,3,3,1,1,0,0,0
424,30,No,22,8412,11,3,3,10,9,8,7,8
425,57,No,29,14118,12,3,3,32,1,0,0,0
426,50,No,29,17046,15,3,2,28,27,10,15,7
427,30,No,2,2564,14,3,2,12,11,7,6,7
428,60,No,28,10266,19,3,5,22,18,13,13,11
429,47,No,2,5070,13,3,2,20,5,0,0,4
430,46,No,2,17861,13,3,2,26,3,2,0,1
431,35,No,22,4230,15,3,2,6,5,4,4,3
432,54,No,8,3780,11,3,3,19,1,0,0,0
433,34,No,2,2768,12,3,3,14,7,3,5,7
434,46,No,10,9071,19,3,3,15,3,2,1,2
435,31,No,9,10648,25,4,6,13,13,8,0,8
436,33,Yes,15,13610,12,3,2,15,7,6,7,7
437,33,Yes,10,3408,13,3,2,8,4,3,1,3
438,30,No,7,2983,14,3,3,4,3,2,1,2
439,35,No,16,7632,12,3,2,10,8,7,0,0
440,31,Yes,20,9824,12,3,2,12,1,0,0,0
441,34,Yes,23,9950,15,3,2,11,3,2,0,2
442,42,No,5,2093,17,3,4,8,2,2,2,0
443,36,No,10,9980,14,3,3,10,10,3,9,7
444,22,Yes,4,3894,16,3,3,4,2,2,1,2
445,48,No,2,4051,14,3,2,14,9,7,6,7
446,55,No,18,16835,23,4,2,37,10,9,7,7
447,41,No,10,6230,14,3,3,16,14,3,1,10
448,35,No,1,4717,11,3,2,15,11,9,6,9
449,40,No,6,13237,15,3,3,22,20,6,5,13
450,39,No,8,3755,11,3,3,8,8,3,0,7
451,31,No,2,6582,13,3,2,10,6,5,0,5
452,42,No,24,7406,21,4,5,10,10,9,5,8
453,45,No,2,4805,19,3,3,9,8,7,3,7
454,26,Yes,17,2741,11,3,2,8,7,7,1,0
455,29,No,19,4262,12,3,2,8,3,2,1,2
456,33,No,1,16184,19,3,2,10,6,1,0,5
457,31,No,7,11557,21,4,3,10,5,4,0,1
458,18,Yes,5,1878,14,3,3,0,0,0,0,0
459,40,No,28,10932,15,3,2,20,1,0,0,1
460,41,No,2,6811,17,3,3,10,8,7,0,7
461,26,No,29,4306,12,3,5,8,0,0,0,0
462,35,No,1,4859,16,3,3,5,5,4,0,3
463,34,No,21,5337,12,3,3,10,10,7,5,7
464,26,Yes,24,2340,18,3,3,1,1,0,0,0
465,37,No,1,7491,17,3,3,12,6,5,1,2
466,46,No,18,10527,11,3,3,28,2,2,1,2
467,41,No,2,16595,16,3,2,22,18,16,11,8
468,37,No,9,8834,13,3,6,9,9,5,7,7
469,52,No,6,5577,12,3,3,18,10,9,6,9
470,32,Yes,11,4707,12,3,2,6,4,2,1,2
471,24,No,24,2400,13,3,3,3,2,2,2,1
472,38,No,10,9824,19,3,4,18,1,0,0,0
473,37,No,1,6447,12,3,2,8,6,5,4,3
474,49,No,18,19502,17,3,5,31,31,9,0,9
475,24,No,23,2725,11,3,3,6,6,5,1,4
476,26,No,28,6272,20,4,5,6,5,3,1,4
477,24,No,17,2127,21,4,2,1,1,0,0,0
478,50,No,3,18200,11,3,2,32,32,5,10,7
479,25,No,13,2096,11,3,1,7,7,4,0,6
480,24,Yes,7,2886,16,3,4,6,6,3,1,2
481,30,Yes,12,2033,18,3,2,1,1,0,0,0
482,34,No,1,3622,13,3,3,6,6,5,1,3
483,31,Yes,13,4233,17,3,2,9,3,1,1,2
484,35,No,25,3681,14,3,3,9,3,2,0,2
485,31,No,6,5460,22,4,4,13,7,7,5,7
486,27,No,6,2187,12,3,5,6,5,3,0,3
487,37,No,2,9602,11,3,3,17,3,0,1,0
488,20,No,1,2836,13,3,0,1,1,0,0,0
489,42,No,2,4089,13,3,4,10,10,2,2,2
490,43,No,6,16627,14,3,3,21,1,0,0,0
491,38,No,1,2619,17,3,3,8,0,0,0,0
492,43,No,9,5679,13,3,3,10,8,7,4,7
493,48,No,1,15402,11,3,3,21,3,2,0,2
494,44,No,1,5985,11,3,1,10,2,2,0,2
495,34,No,14,2579,18,3,3,8,8,2,0,6
496,27,Yes,2,3041,11,3,3,5,4,3,0,2
497,21,No,22,3447,11,3,2,3,3,2,1,2
498,44,No,3,19513,12,3,2,26,2,2,0,1
499,22,No,6,2773,20,4,3,3,2,2,2,2
500,33,No,8,7104,12,3,3,6,5,0,1,2
501,32,No,9,6322,12,3,2,6,6,4,0,5
502,30,No,3,2083,20,4,2,1,1,0,0,0
503,53,No,1,8381,20,4,2,18,14,7,8,10
504,34,No,1,2691,12,3,4,10,10,9,8,8
505,45,Yes,26,4286,14,3,4,5,1,1,0,0
506,26,No,6,2659,13,3,2,3,3,2,0,2
507,37,No,3,9434,15,3,2,10,10,7,7,8
508,29,No,3,5561,14,3,5,6,6,0,1,2
509,35,No,6,6646,13,3,3,17,17,11,11,8
510,33,No,6,7725,23,4,2,15,13,11,4,7
511,54,No,19,10725,15,3,1,16,9,7,7,1
512,36,No,9,8847,11,3,2,13,3,2,0,2
513,27,No,3,2045,13,3,0,5,4,2,1,1
514,20,Yes,10,1009,11,3,5,1,1,0,1,1
515,33,Yes,3,3348,11,3,3,10,10,8,9,7
516,35,No,3,1281,18,3,3,1,1,0,0,0
517,23,No,4,2819,16,3,3,5,3,2,0,2
518,25,No,8,4851,22,4,4,4,3,2,1,2
519,38,No,7,4028,20,4,2,8,7,7,0,5
520,29,No,1,2720,18,3,5,10,10,7,2,8
521,48,No,2,8120,12,3,3,12,2,2,2,2
522,27,No,3,4647,20,4,3,6,6,5,0,4
523,37,No,10,4680,17,3,2,4,1,0,0,0
524,50,No,28,3221,11,3,3,20,20,8,3,8
525,34,No,9,8621,14,3,3,9,8,7,7,7
526,24,Yes,3,4577,14,3,3,4,2,2,2,0
527,39,No,2,4553,11,3,4,20,20,7,11,10
528,32,No,10,5396,12,3,2,10,10,7,0,8
529,50,Yes,8,6796,14,3,4,18,4,3,1,3
530,38,No,1,7625,13,3,4,10,9,7,1,8
531,27,No,1,7412,11,3,3,9,9,7,0,7
532,32,No,3,11159,15,3,6,10,7,7,7,7
533,47,No,14,4960,12,3,2,20,7,7,1,7
534,40,No,5,10475,21,4,2,20,18,13,1,12
535,53,No,7,14814,19,3,3,32,5,1,1,3
536,41,No,10,19141,15,3,2,23,21,6,12,6
537,60,No,16,5405,14,3,1,10,2,2,2,2
538,27,No,10,8793,21,4,4,9,9,7,1,7
539,41,No,1,19189,12,3,3,22,22,7,2,10
540,50,No,8,3875,15,3,2,4,2,2,2,2
541,28,Yes,1,2216,13,3,4,10,7,7,3,7
542,36,No,8,11713,14,3,2,10,8,7,0,5
543,38,No,1,7861,14,3,4,10,1,0,0,0
544,44,No,24,3708,14,3,5,9,5,2,1,4
545,47,No,3,13770,12,3,2,28,22,2,11,13
546,30,No,27,5304,23,4,2,10,8,7,7,7
547,29,No,10,2642,11,3,6,1,1,0,0,0
548,42,Yes,19,2759,12,3,2,7,2,2,2,2
549,43,No,15,6804,18,3,5,7,2,2,2,2
550,34,No,8,6142,11,3,2,10,5,1,4,3
551,23,No,9,2500,14,3,2,5,4,3,0,2
552,39,No,3,6389,15,3,3,12,8,3,3,6
553,56,No,9,11103,11,3,1,30,10,7,1,1
554,40,No,2,2342,20,4,2,5,4,2,2,3
555,27,No,7,6811,19,3,2,9,7,6,0,7
556,29,No,10,2297,14,3,2,2,2,2,2,2
557,53,No,6,2450,17,3,4,19,2,2,2,2
558,35,No,2,5093,11,3,2,16,1,0,0,0
559,32,No,24,5309,15,3,2,10,10,8,4,7
560,38,No,2,3057,13,3,0,6,1,0,0,1
561,34,No,8,5121,14,3,3,7,0,0,0,0
562,52,No,3,16856,11,3,3,34,34,6,1,16
563,33,Yes,1,2686,13,3,2,10,10,9,7,8
564,25,No,26,6180,23,4,5,6,6,5,1,4
565,45,No,2,6632,13,3,3,9,8,7,3,1
566,23,No,10,3505,18,3,3,2,2,2,0,2
567,47,Yes,27,6397,12,3,2,8,5,4,1,3
568,34,No,2,6274,22,4,5,6,6,5,1,4
569,55,Yes,2,19859,13,3,2,24,5,2,1,4
570,36,No,8,7587,15,3,1,10,10,7,0,9
571,52,No,19,4258,18,3,3,5,4,3,1,2
572,26,No,1,4364,14,3,2,5,2,2,2,0
573,29,No,27,4335,12,3,3,11,8,7,1,1
574,26,Yes,8,5326,17,3,2,6,4,3,1,2
575,34,No,1,3280,16,3,2,10,4,2,1,3
576,54,No,19,5485,11,3,4,9,5,3,1,4
577,27,No,8,4342,19,3,3,5,4,2,1,1
578,37,No,10,2782,13,3,3,6,5,3,4,3
579,38,No,2,5980,12,3,2,17,15,7,4,12
580,34,No,2,4381,11,3,3,6,6,5,1,3
581,35,No,8,2572,16,3,1,3,3,2,0,2
582,30,No,1,3833,21,4,2,7,2,2,0,2
583,40,No,2,4244,24,4,2,8,8,7,3,7
584,34,No,8,6500,17,3,1,6,3,2,1,2
585,42,No,8,18430,13,3,4,24,24,7,14,9
586,23,Yes,6,1601,21,4,2,1,0,0,0,0
587,24,No,9,2694,11,3,4,1,1,0,0,0
588,52,No,11,3149,20,4,3,9,5,2,1,4
589,50,No,2,17639,16,3,3,30,4,3,0,3
590,29,Yes,1,2319,11,3,1,1,1,0,0,0
591,33,No,7,11691,11,3,3,14,13,9,3,7
592,33,Yes,16,5324,15,3,3,6,3,2,0,2
593,47,No,2,16752,11,3,3,26,26,14,3,0
594,36,No,1,5228,15,3,2,10,9,7,0,5
595,29,No,23,2700,24,4,3,10,10,7,0,7
596,58,Yes,2,19246,12,3,2,40,31,15,13,8
597,35,No,1,2506,13,3,0,7,2,2,2,2
598,42,No,1,6062,13,3,4,8,4,3,0,2
599,28,Yes,2,4382,17,3,3,5,2,2,2,1
600,36,No,13,2143,13,3,2,8,5,2,0,4
601,32,No,4,6162,12,3,3,14,14,13,6,8
602,40,No,16,5094,14,3,6,10,1,0,0,0
603,30,No,2,6877,24,4,4,12,0,0,0,0
604,45,No,2,2274,14,3,3,1,1,0,0,0
605,42,No,29,4434,13,3,3,10,9,8,7,8
606,38,No,12,6288,15,3,3,13,4,3,1,2
607,34,No,16,2553,16,3,3,6,5,2,1,3
608,49,Yes,11,7654,18,3,3,9,9,8,7,7
609,55,Yes,2,5160,16,3,3,12,9,7,7,3
610,43,No,14,17159,24,4,3,22,4,1,1,0
611,27,No,5,12808,16,3,3,9,9,8,0,8
612,35,No,7,10221,21,4,3,17,8,5,1,6
613,28,No,2,4779,20,4,2,8,8,7,7,5
614,34,No,3,3737,19,3,1,4,3,2,0,2
615,26,Yes,5,2366,14,3,2,8,8,7,1,7
616,27,No,3,1706,11,3,6,0,0,0,0,0
617,51,No,26,16307,14,3,2,29,20,6,4,17
618,44,No,4,5933,12,3,2,10,5,2,2,3
619,25,No,2,3424,13,3,3,6,4,3,0,1
620,33,No,1,4037,22,4,5,9,9,8,0,8
621,35,No,27,2559,11,3,3,6,6,5,1,1
622,36,No,1,6201,14,3,1,18,18,14,4,11
623,32,No,13,4403,11,3,3,8,5,2,0,3
624,30,No,5,3761,12,3,3,10,5,4,0,3
625,53,No,7,10934,18,3,3,35,5,2,0,4
626,45,No,9,10761,12,3,2,18,5,4,0,2
627,32,No,8,5175,12,3,3,9,5,3,1,3
628,52,No,25,13826,22,4,3,31,9,8,0,0
629,37,No,16,6334,19,3,2,9,1,0,0,0
630,28,No,8,4936,13,3,6,6,5,1,0,4
631,22,No,1,4775,22,4,2,4,2,2,2,2
632,44,No,8,2818,24,4,2,10,3,2,0,2
633,42,No,2,2515,14,3,2,8,2,1,2,2
634,36,No,8,2342,21,4,3,6,5,4,0,3
635,25,No,3,4194,18,3,3,5,5,3,0,3
636,35,No,9,10685,20,4,2,17,17,14,5,15
637,35,Yes,25,2022,19,3,3,10,10,2,7,8
638,32,No,1,2314,12,3,2,4,3,0,0,2
639,25,No,4,4256,12,3,1,5,5,2,0,3
640,49,No,1,3580,16,3,2,7,4,2,0,2
641,24,No,4,3162,17,3,2,6,5,2,3,4
642,32,No,5,6524,14,3,3,10,10,8,5,3
643,38,No,9,2899,19,3,3,3,2,2,1,2
644,42,No,3,5231,13,3,1,17,5,3,1,3
645,31,No,11,2356,19,3,2,8,6,4,0,2
646,29,Yes,1,2800,19,3,3,5,3,2,0,2
647,53,No,8,11836,14,3,3,28,2,0,2,2
648,35,No,25,10903,16,3,2,16,13,10,4,8
649,37,No,21,2973,15,3,3,10,5,4,0,0
650,53,No,23,14275,18,3,0,33,12,9,3,8
651,43,No,1,5562,13,3,2,12,5,2,2,2
652,47,No,2,4537,22,4,2,8,7,6,7,7
653,37,No,19,7642,13,3,2,10,10,0,0,9
654,50,No,2,17924,11,3,3,31,31,6,14,7
655,39,No,2,5204,11,3,2,13,5,4,0,4
656,33,No,3,2277,11,3,4,7,4,3,0,3
657,32,Yes,25,2795,24,4,2,1,1,0,0,1
658,29,No,7,2532,14,3,5,8,4,3,0,3
659,44,No,9,2559,13,3,0,8,8,7,7,1
660,28,No,5,4908,14,3,3,4,4,2,0,2
661,58,Yes,2,2380,14,3,3,3,1,0,0,0
662,43,No,8,4765,21,4,2,4,1,0,0,0
663,20,Yes,2,2044,13,3,3,2,2,2,0,2
664,21,Yes,18,2693,19,3,3,1,1,0,0,0
665,36,No,14,6586,17,3,2,17,16,8,4,11
666,47,No,2,3294,18,3,3,3,3,2,1,2
667,22,Yes,3,4171,19,3,3,4,3,2,0,2
668,41,Yes,2,2778,13,3,1,10,7,7,1,0
669,28,No,9,2377,18,3,2,6,2,2,2,2
670,39,Yes,6,2404,21,4,2,8,2,2,2,2
671,27,No,4,2318,19,3,2,1,1,1,0,0
672,34,No,10,2008,14,3,3,1,1,0,1,0
673,42,No,14,6244,17,3,6,10,5,4,0,3
674,33,No,1,2799,11,3,1,6,3,2,0,2
675,58,No,5,10552,13,3,3,24,6,0,0,4
676,31,No,7,2329,15,3,2,13,7,7,5,2
677,35,No,21,4014,25,4,2,10,10,6,0,7
678,49,No,8,7403,11,3,3,29,26,9,1,7
679,48,No,20,2259,17,3,2,13,0,0,0,0
680,31,No,20,6932,13,3,2,9,9,8,0,0
681,36,No,7,4678,18,3,6,8,6,2,0,1
682,38,No,1,13582,13,3,3,15,15,12,5,11
683,32,No,1,2332,20,4,3,5,3,0,0,2
684,25,Yes,19,2413,18,3,2,1,1,0,0,0
685,40,No,10,9705,12,3,2,11,1,0,0,0
686,26,No,1,4294,12,3,2,7,7,7,0,7
687,41,No,6,4721,13,3,3,20,18,13,2,17
688,36,No,2,2519,21,4,6,16,11,8,3,9
689,19,Yes,21,2121,13,3,3,1,1,0,0,0
690,20,Yes,4,2973,19,3,2,1,1,0,0,0
691,31,No,12,5855,11,3,2,10,9,7,8,5
692,40,No,9,3617,14,3,2,3,1,1,0,0
693,32,No,3,6725,12,3,2,8,8,7,6,3
694,36,Yes,3,10325,11,3,6,16,16,7,3,7
695,33,No,1,6949,14,3,3,6,5,0,1,4
696,37,Yes,1,10609,11,3,2,17,14,1,11,7
697,45,No,4,4447,12,3,5,9,9,7,0,8
698,29,No,20,2157,15,3,5,3,3,1,0,2
699,35,No,18,4601,16,3,3,5,5,2,1,0
700,52,No,1,17099,15,3,2,26,9,8,7,8
701,58,Yes,2,2479,24,4,4,7,1,0,0,0
702,53,No,2,14852,13,3,3,22,17,13,15,2
703,30,No,8,7264,11,3,2,10,8,4,7,7
704,38,No,10,5666,13,3,1,6,5,3,1,3
705,35,No,3,7823,13,3,2,12,10,9,0,8
706,39,No,2,7880,18,3,3,9,8,7,0,7
707,40,Yes,24,13194,16,3,2,22,1,0,0,0
708,47,No,16,5067,19,3,3,20,19,10,2,7
709,36,No,8,5079,13,3,3,12,7,7,0,7
710,31,Yes,9,2321,22,4,0,4,3,2,1,2
711,33,No,17,17444,11,3,2,10,10,8,6,0
712,29,Yes,10,2404,20,4,5,3,0,0,0,0
713,33,No,13,3452,18,3,4,5,3,2,0,2
714,45,No,1,2270,14,3,2,8,5,3,0,2
715,50,No,1,17399,22,4,1,32,5,4,1,3
716,33,No,1,5488,13,3,2,6,6,5,1,2
717,41,No,9,19419,17,3,2,21,18,16,0,11
718,27,No,16,2811,14,3,2,4,2,2,2,2
719,45,No,23,3633,15,3,2,9,9,8,0,8
720,47,No,4,4163,17,3,0,9,9,0,0,7
721,30,Yes,22,2132,11,3,2,7,5,2,0,1
722,50,No,24,13973,18,3,2,22,12,11,1,5
723,38,No,10,2684,17,3,0,3,2,1,0,2
724,46,No,7,10845,13,3,3,13,8,7,0,7
725,24,No,17,4377,15,3,6,5,4,2,3,2
726,35,Yes,14,3743,24,4,2,5,4,2,0,2
727,31,No,1,4148,12,3,1,4,4,3,0,3
728,18,No,5,1051,15,3,2,0,0,0,0,0
729,54,No,17,10739,11,3,2,22,10,7,0,8
730,35,No,25,10388,11,3,3,16,16,10,10,1
731,30,No,8,11416,12,3,4,9,8,7,1,7
732,20,Yes,11,2600,15,3,2,1,1,0,0,0
733,30,Yes,5,2422,17,3,3,4,3,2,1,2
734,26,No,2,5472,12,3,2,8,8,7,1,3
735,22,No,8,2451,15,3,3,4,4,3,1,1
736,48,No,6,4240,13,3,0,19,2,2,2,2
737,48,No,4,10999,14,3,3,27,15,11,4,8
738,41,No,7,5003,14,3,6,8,2,2,2,1
739,39,No,1,12742,16,3,3,21,21,6,11,8
740,27,No,2,4227,18,3,2,4,3,2,2,2
741,35,No,10,3917,20,4,4,3,3,2,1,2
742,42,No,5,18303,13,3,3,21,1,0,0,0
743,50,No,9,2380,18,3,5,8,1,0,0,0
744,59,No,2,13726,13,3,4,30,5,3,4,3
745,37,Yes,11,4777,15,3,2,15,1,0,0,0
746,55,No,18,6385,14,3,3,17,8,7,6,7
747,41,No,7,19973,22,4,3,21,21,16,5,10
748,38,No,3,6861,12,3,1,19,1,0,0,0
749,26,Yes,29,4969,18,3,6,7,2,2,2,2
750,52,Yes,2,19845,15,3,3,33,32,14,6,9
751,44,No,28,13320,18,3,2,23,12,11,11,11
752,50,No,1,6347,12,3,3,19,18,7,0,13
753,36,Yes,16,2743,16,3,1,18,17,13,15,14
754,39,No,22,10880,13,3,2,21,21,6,2,8
755,33,No,8,2342,19,3,2,3,2,2,2,2
756,45,No,11,17650,13,3,4,26,9,3,1,1
757,32,No,29,4025,12,3,2,10,8,7,7,7
758,34,No,1,9725,11,3,2,16,15,1,0,9
759,59,No,1,11904,14,3,1,14,6,4,0,4
760,45,No,24,2177,16,3,3,6,6,3,0,4
761,53,No,2,7525,12,3,2,30,15,7,6,12
762,36,Yes,15,4834,14,3,3,9,1,0,0,0
763,26,Yes,2,2042,14,3,2,6,3,2,1,2
764,34,No,10,2220,19,3,2,1,1,1,0,0
765,28,No,10,1052,22,4,5,1,1,0,0,0
766,38,No,3,2821,16,3,2,8,2,2,2,2
767,50,No,2,19237,11,3,2,29,8,1,7,7
768,37,No,3,4107,15,3,3,8,4,3,0,1
769,40,No,26,8396,14,3,3,8,7,7,7,5
770,26,No,1,2007,13,3,5,5,5,3,1,3
771,46,No,1,19627,17,3,0,23,2,2,2,2
772,54,No,2,10686,11,3,4,13,9,4,7,0
773,56,No,9,2942,19,3,4,18,5,4,0,3
774,36,No,12,8858,11,3,2,15,14,8,7,8
775,55,No,2,16756,15,3,3,31,9,7,6,2
776,43,No,25,10798,13,3,5,18,1,0,0,0
777,20,Yes,9,2323,14,3,3,2,2,2,0,2
778,21,Yes,10,1416,13,3,6,1,1,0,1,0
779,46,No,8,4615,23,4,2,19,16,13,1,7
780,51,Yes,4,2461,12,3,2,18,10,0,2,7
781,28,Yes,24,8722,12,3,2,10,10,7,1,9
782,26,No,1,3955,16,3,2,6,5,3,1,3
783,30,No,20,9957,15,3,1,7,6,2,0,2
784,41,No,7,3376,13,3,3,10,10,6,0,8
785,38,No,17,8823,18,3,4,20,19,9,1,9
786,40,No,20,10322,20,4,6,14,11,10,11,1
787,27,No,8,4621,19,3,4,3,3,2,1,2
788,55,No,2,10976,18,3,4,23,3,2,1,2
789,28,No,10,3660,13,3,4,10,8,7,1,7
790,44,Yes,1,10482,14,3,1,24,20,6,3,6
791,33,No,5,7119,15,3,2,9,3,2,1,2
792,35,Yes,4,9582,22,4,2,9,8,7,4,7
793,33,Yes,29,4508,22,4,4,14,13,7,3,8
794,28,No,15,2207,16,3,5,4,4,2,2,2
795,34,No,3,7756,17,3,1,7,6,2,0,4
796,37,No,10,6694,14,3,5,8,1,0,0,0
797,25,Yes,4,3691,15,3,3,7,7,7,5,6
798,26,Yes,21,2377,20,4,0,1,1,1,0,0
799,33,Yes,25,2313,20,4,0,5,2,2,2,2
800,42,No,2,17665,17,3,3,23,22,6,13,7
801,28,Yes,1,2596,15,3,2,1,1,0,0,0
802,50,Yes,1,4728,14,3,4,5,0,0,0,0
803,33,No,7,4302,17,3,3,4,3,2,0,2
804,34,No,3,2979,17,3,2,6,0,0,0,0
805,48,No,1,16885,22,4,3,27,5,4,2,1
806,45,No,9,5593,13,3,2,15,15,10,4,12
807,52,No,7,10445,19,3,4,18,8,6,4,0
808,38,No,10,8740,14,3,2,9,8,7,2,7
809,29,No,28,2514,22,4,1,11,7,5,1,7
810,28,No,3,7655,17,3,3,10,9,7,1,7
811,46,No,3,17465,12,3,3,23,12,9,4,9
812,38,No,2,7351,16,3,2,10,1,0,0,0
813,43,No,27,10820,11,3,1,18,8,7,0,1
814,39,Yes,2,12169,11,3,4,21,18,7,11,5
815,40,No,14,19626,14,3,2,21,20,7,4,9
816,21,No,1,2070,11,3,6,2,2,2,2,2
817,39,No,9,6782,15,3,2,9,5,4,0,3
818,36,No,18,7779,20,4,0,18,11,9,0,9
819,31,No,20,2791,12,3,4,3,2,2,2,2
820,28,No,2,3201,17,3,2,6,5,3,0,4
821,35,No,11,4968,11,3,3,5,5,2,0,2
822,49,No,8,13120,17,3,3,22,9,8,2,3
823,34,No,2,4033,11,3,3,5,3,2,0,2
824,29,No,10,3291,14,3,2,8,7,5,1,1
825,42,No,29,4272,19,3,3,16,1,0,0,0
826,29,No,8,5056,15,3,2,10,10,7,1,2
827,38,No,1,2844,13,3,2,7,7,6,5,0
828,28,No,6,2703,14,3,2,3,3,1,0,2
829,18,Yes,8,1904,12,3,0,0,0,0,0,0
830,33,Yes,9,8224,17,3,3,6,5,2,0,3
831,41,No,12,4766,11,3,4,6,1,0,0,0
832,31,Yes,15,2610,12,3,5,2,2,2,2,2
833,37,No,25,5731,13,3,2,9,6,2,1,3
834,27,No,6,2539,13,3,0,4,4,2,2,2
835,34,No,9,5714,20,4,3,6,6,5,1,3
836,35,No,8,4323,17,3,2,6,5,4,1,4
837,29,Yes,23,7336,13,3,3,11,11,8,3,10
838,40,No,9,13499,17,3,3,20,18,7,2,13
839,42,Yes,12,13758,12,3,2,22,21,9,13,14
840,42,No,4,5155,13,3,3,9,6,4,1,5
841,35,No,1,2258,12,3,2,10,8,0,1,7
842,24,No,24,3597,22,4,2,6,4,3,1,2
843,28,Yes,12,2515,11,3,4,1,1,1,0,0
844,26,No,3,4420,22,4,2,8,8,7,0,7
845,30,No,10,6578,18,3,3,10,10,3,1,4
846,40,No,26,4422,13,3,3,16,1,1,0,0
847,35,No,2,10274,18,3,2,15,7,7,6,4
848,34,No,1,5343,20,4,3,14,13,9,4,9
849,35,No,4,2376,13,3,2,2,2,2,2,2
850,43,Yes,9,5346,13,3,2,7,4,3,1,3
851,32,No,2,2827,12,3,3,1,1,0,0,0
852,56,No,4,19943,13,3,2,28,5,2,4,2
853,29,No,6,3131,13,3,5,10,10,8,0,8
854,19,No,9,2552,25,4,4,1,1,1,0,0
855,45,No,7,4477,19,3,2,7,3,2,0,2
856,37,No,1,6474,13,3,2,14,14,8,3,11
857,20,No,3,3033,12,3,2,2,2,2,1,2
858,44,Yes,10,2936,11,3,4,6,6,4,0,2
859,53,No,7,18606,18,3,6,26,7,7,4,7
860,29,No,15,2168,18,3,2,6,5,4,1,3
861,22,Yes,3,2853,11,3,5,1,0,0,0,0
862,46,No,2,17048,23,4,2,28,26,15,15,9
863,44,No,17,2290,13,3,3,6,0,0,0,0
864,33,No,2,3600,13,3,2,5,5,4,1,4
865,41,Yes,5,2107,17,3,2,5,1,0,0,0
866,30,No,29,4115,19,3,3,8,4,3,0,3
867,40,No,2,4327,12,3,2,5,0,0,0,0
868,50,No,2,17856,22,4,3,32,2,2,2,2
869,28,No,19,3196,12,3,2,6,6,5,3,3
870,46,No,15,19081,11,3,2,25,4,2,0,3
871,35,No,17,8966,15,3,2,15,7,7,1,7
872,24,Yes,17,2210,13,3,3,1,1,0,0,0
873,33,No,25,4539,12,3,3,10,10,7,0,1
874,36,No,6,2741,14,3,4,7,7,7,1,7
875,30,No,7,3491,13,3,4,10,10,7,8,9
876,44,No,29,4541,25,4,3,20,20,11,13,17
877,20,No,21,2678,17,3,2,2,2,1,2,2
878,46,No,2,7379,11,3,3,12,6,3,1,4
879,42,No,2,6272,16,3,3,10,4,3,0,3
880,60,No,7,5220,18,3,3,12,11,7,1,9
881,32,No,13,2743,20,4,2,2,2,2,2,2
882,32,No,2,4998,14,3,2,10,8,7,0,7
883,36,No,1,10252,21,4,2,17,7,7,7,7
884,33,No,9,2781,13,3,5,15,14,10,4,10
885,40,No,10,6852,12,3,2,7,5,1,1,3
886,25,No,10,4950,14,3,4,5,4,3,1,1
887,30,No,1,3579,21,4,2,12,11,9,5,7
888,42,No,26,13191,17,3,6,20,1,0,0,0
889,35,No,8,10377,11,3,6,16,13,2,4,12
890,27,No,14,2235,14,3,3,9,9,7,6,8
891,54,No,1,10502,17,3,2,33,5,4,1,4
892,44,No,2,2011,13,3,5,10,10,5,7,7
893,19,Yes,10,1859,25,4,2,1,1,1,0,0
894,29,No,1,3760,15,3,5,3,3,2,1,2
895,54,No,3,17779,14,3,2,36,10,9,0,9
896,31,No,11,6833,12,3,2,6,6,5,0,1
897,31,No,24,6812,19,3,2,10,10,9,1,8
898,59,No,3,5171,17,3,2,13,6,1,0,5
899,43,No,3,19740,14,3,2,25,8,7,0,7
900,49,No,4,18711,13,3,2,23,1,0,0,0
901,36,No,3,3692,12,3,2,12,11,10,0,7
902,48,No,2,2559,11,3,4,7,1,0,0,0
903,27,No,4,2517,11,3,2,5,5,3,0,3
904,29,No,7,6623,11,3,2,6,6,0,1,0
905,48,No,1,18265,12,3,3,25,1,0,0,0
906,29,No,1,16124,14,3,2,9,7,7,1,7
907,34,No,20,2585,17,3,5,2,1,0,0,0
908,44,No,5,18213,11,3,5,26,22,9,3,10
909,33,No,10,8380,14,3,3,10,9,8,0,8
910,19,No,25,2994,12,3,2,1,1,0,0,1
911,23,No,1,1223,22,4,2,1,1,0,0,1
912,25,Yes,24,1118,14,3,4,1,1,0,1,0
913,26,No,4,2875,20,4,2,8,8,5,2,2
914,45,Yes,2,18824,16,3,2,26,24,10,1,11
915,55,No,8,13577,15,3,3,34,33,9,15,0
916,21,Yes,10,2625,20,4,2,2,2,2,2,2
917,46,No,4,18789,14,3,2,26,11,4,0,8
918,34,No,2,4538,12,3,3,4,3,2,0,2
919,51,No,9,19847,24,4,5,31,29,10,11,10
920,59,No,18,10512,12,3,6,25,9,7,5,4
921,34,No,19,4444,13,3,2,15,11,8,5,10
922,28,No,1,2154,11,3,2,5,4,2,0,2
923,44,No,4,19190,14,3,4,26,25,9,14,13
924,34,No,11,4490,11,3,5,14,10,9,1,8
925,35,No,6,3506,14,3,3,4,3,2,2,2
926,42,No,7,2372,16,3,2,18,1,0,0,0
927,43,No,4,10231,14,3,3,23,21,7,15,17
928,36,No,2,5410,11,3,2,18,16,14,5,12
929,44,Yes,15,7978,11,3,2,10,10,7,0,5
930,28,No,2,3867,12,3,2,2,2,2,2,2
931,51,No,6,2838,14,3,6,8,7,0,7,7
932,30,No,9,4695,18,3,3,10,8,4,1,7
933,29,Yes,7,3339,13,3,2,10,7,7,7,7
934,28,No,1,2080,11,3,2,5,3,2,1,2
935,25,No,1,2096,18,3,3,2,2,2,2,1
936,32,No,8,6209,15,3,4,10,10,7,0,8
937,45,No,25,18061,22,4,4,22,0,0,0,0
938,39,No,13,17123,13,3,4,21,19,9,15,2
939,58,No,23,2372,12,3,3,2,2,2,2,2
940,32,Yes,7,4883,18,3,3,10,10,4,1,1
941,39,Yes,23,3904,13,3,2,6,5,2,0,3
942,30,No,6,4627,12,3,6,10,9,2,6,7
943,36,No,10,7094,12,3,0,10,7,7,1,7
944,46,No,1,3423,12,3,3,10,7,6,5,7
945,28,No,1,6674,11,3,6,10,9,8,7,5
946,50,No,28,16880,11,3,2,25,3,2,1,2
947,40,Yes,25,9094,12,3,2,9,5,4,1,0
948,52,Yes,5,8446,19,3,2,10,8,7,7,7
949,30,No,17,11916,23,4,2,9,9,1,0,8
950,39,No,18,4534,11,3,6,9,8,7,1,7
951,31,No,2,9852,19,3,5,10,10,8,9,6
952,41,No,10,6151,13,3,4,19,19,2,11,9
953,31,Yes,1,2302,11,3,2,3,3,2,2,2
954,44,Yes,3,2362,12,3,4,10,3,2,1,2
955,42,No,2,17861,13,3,3,21,20,8,2,10
956,55,No,2,19187,14,3,5,23,19,9,9,11
957,56,No,8,19717,14,3,4,36,7,3,7,7
958,40,No,16,3544,16,3,0,6,4,2,0,0
959,34,No,9,8500,11,3,0,10,9,7,1,6
960,40,No,2,4661,13,3,4,9,9,8,8,8
961,41,No,1,4103,17,3,2,10,9,3,1,7
962,35,No,4,4249,11,3,3,9,9,6,1,1
963,51,No,5,14026,11,3,2,33,33,9,0,10
964,38,No,2,6893,15,3,3,11,7,7,1,7
965,34,No,15,6125,12,3,6,10,10,8,9,6
966,25,No,19,3669,11,3,6,7,3,2,1,2
967,58,Yes,7,10008,14,3,0,31,10,9,5,9
968,40,No,1,2387,22,4,3,7,4,2,0,3
969,36,No,7,4639,16,3,2,17,15,7,6,13
970,48,No,4,7898,11,3,2,11,10,9,0,8
971,27,No,11,2534,14,3,4,5,1,0,0,0
972,51,No,11,13142,16,3,1,29,5,2,0,3
973,18,No,1,1611,15,3,5,0,0,0,0,0
974,35,No,1,5363,12,3,0,10,9,7,0,0
975,27,No,2,5071,20,4,3,8,6,2,0,0
976,55,Yes,13,13695,17,3,2,24,19,7,3,8
977,56,No,23,13402,12,3,0,33,19,16,15,9
978,34,No,26,2029,20,4,2,5,5,4,0,0
979,40,No,2,6377,20,4,0,15,12,11,11,8
980,34,No,29,5429,13,3,1,10,8,7,7,7
981,31,Yes,2,2785,14,3,3,3,1,0,0,0
982,35,Yes,18,4614,18,3,0,5,4,2,3,2
983,38,No,7,2610,11,3,2,4,4,2,0,3
984,34,No,2,6687,11,3,2,14,14,11,4,11
985,28,No,26,4724,11,3,0,5,5,3,0,4
986,31,Yes,22,6179,15,3,3,10,10,2,6,7
987,39,No,21,6120,12,3,2,8,5,4,1,4
988,51,No,2,10596,11,3,5,14,4,2,3,2
989,41,No,22,5467,14,3,4,12,6,2,3,3
990,37,No,4,2996,15,3,2,8,6,4,1,3
991,33,No,5,9998,13,3,2,8,5,4,1,2
992,32,No,2,4078,13,3,3,4,3,2,1,2
993,39,No,25,10920,21,4,2,13,6,4,0,5
994,25,No,18,6232,11,3,3,6,3,2,1,2
995,52,No,28,13247,11,3,3,24,5,3,0,2
996,43,No,6,4081,14,3,3,20,20,7,1,8
997,27,No,10,5769,11,3,3,6,6,2,4,4
998,27,Yes,17,2394,13,3,2,8,8,2,7,7
999,26,No,2,3904,12,3,2,5,4,3,1,1
1000,42,No,10,16799,14,3,5,21,20,7,0,9
1001,52,No,8,2950,13,3,2,12,5,4,0,4
1002,37,No,11,3629,18,3,6,8,3,2,0,2
1003,35,No,18,9362,11,3,2,10,2,2,2,2
1004,25,No,1,3229,11,3,2,7,3,2,0,2
1005,26,No,7,3578,12,3,2,8,7,7,0,7
1006,29,No,17,7988,13,3,3,10,10,9,0,9
1007,49,Yes,28,4284,20,4,2,20,4,3,1,3
1008,29,Yes,14,7553,12,3,1,9,8,7,7,7
1009,54,No,1,17328,19,3,3,29,20,7,12,7
1010,58,No,1,19701,21,4,3,32,9,8,1,5
1011,55,No,1,14732,13,3,4,31,7,7,0,0
1012,36,No,3,9278,16,3,3,15,5,4,0,1
1013,31,Yes,1,1359,12,3,3,1,1,0,0,0
1014,30,No,7,4779,14,3,3,8,3,2,0,2
1015,31,No,8,16422,11,3,3,9,3,2,1,0
1016,34,No,1,2996,14,3,2,10,4,3,1,3
1017,31,Yes,8,1261,12,3,3,1,1,0,0,0
1018,27,No,11,2099,14,3,3,6,5,0,1,4
1019,36,No,4,5810,16,3,2,10,10,4,1,8
1020,36,No,16,5647,13,3,3,11,3,2,0,2
1021,47,No,1,3420,12,3,2,17,6,5,1,2
1022,25,Yes,9,4400,12,3,2,6,3,2,2,2
1023,37,No,5,3500,14,3,2,7,6,5,1,3
1024,56,No,1,2066,22,4,3,5,3,2,1,0
1025,47,No,2,17169,19,3,2,26,20,17,5,6
1026,24,No,4,4162,12,3,3,5,5,4,0,3
1027,32,No,7,9204,12,3,3,7,4,3,0,3
1028,34,No,1,3294,17,3,2,7,5,4,0,2
1029,41,No,5,2127,12,3,5,7,4,2,0,3
1030,40,No,9,3975,11,3,2,11,8,7,0,7
1031,31,No,8,10793,18,3,5,13,13,7,9,9
1032,46,Yes,9,10096,11,3,1,28,7,7,4,3
1033,39,Yes,2,3646,23,4,2,11,1,0,0,0
1034,31,Yes,1,7446,11,3,2,10,10,8,4,7
1035,45,No,20,10851,18,3,2,24,7,7,0,7
1036,31,No,8,2109,18,3,3,8,3,2,0,2
1037,31,Yes,2,3722,13,3,2,7,2,2,2,2
1038,45,No,29,9380,18,3,4,10,3,1,1,2
1039,48,No,7,5486,11,3,3,15,2,2,2,2
1040,34,Yes,9,2742,15,3,0,2,2,2,2,2
1041,40,No,8,13757,11,3,5,16,9,8,4,8
1042,28,No,5,8463,18,3,4,6,5,4,1,3
1043,44,No,5,3162,14,3,5,7,5,2,0,3
1044,53,No,2,16598,12,3,2,35,9,8,8,8
1045,49,No,5,6651,14,3,0,20,3,2,1,2
1046,40,No,2,2345,14,3,3,8,3,1,1,2
1047,44,No,20,3420,13,3,3,6,5,2,1,3
1048,33,No,7,4373,14,3,2,5,4,3,0,3
1049,34,No,3,4759,18,3,2,15,13,9,3,12
1050,30,No,16,5301,15,3,2,4,2,1,2,2
1051,42,No,9,3673,13,3,3,12,12,9,5,8
1052,44,No,1,4768,12,3,4,11,1,0,0,0
1053,30,No,7,1274,13,3,2,1,1,0,0,0
1054,57,No,1,4900,24,4,2,13,12,9,2,8
1055,49,No,7,10466,14,3,3,29,8,7,0,7
1056,34,No,15,17007,14,3,3,16,14,8,6,9
1057,28,Yes,1,2909,15,3,3,5,3,2,1,2
1058,29,Yes,13,5765,11,3,4,7,5,3,0,0
1059,34,Yes,24,4599,23,4,2,16,15,9,10,10
1060,35,No,7,2404,13,3,3,1,1,0,0,0
1061,24,Yes,9,3172,11,3,2,4,0,0,0,0
1062,24,No,13,2033,13,3,2,1,1,0,0,0
1063,44,No,2,10209,18,3,2,16,2,2,2,2
1064,29,No,19,8620,14,3,3,10,10,7,0,4
1065,30,No,1,2064,21,4,3,6,5,3,1,3
1066,55,No,4,4035,16,3,2,4,3,2,1,2
1067,33,No,4,3838,11,3,5,8,5,4,0,2
1068,47,No,14,4591,17,3,4,11,5,4,1,2
1069,28,Yes,2,2561,11,3,2,8,0,0,0,0
1070,28,No,1,1563,14,3,2,1,1,0,0,0
1071,28,No,7,4898,14,3,5,5,4,2,1,3
1072,49,No,3,4789,25,4,3,10,3,2,1,2
1073,29,No,2,3180,13,3,3,4,3,2,0,2
1074,28,No,29,6549,14,3,2,8,8,6,1,7
1075,33,No,8,6388,17,3,6,14,0,0,0,0
1076,32,No,10,11244,25,4,5,10,5,2,0,0
1077,54,No,11,16032,20,4,2,26,14,9,1,12
1078,29,Yes,1,2362,13,3,2,11,9,7,0,7
1079,44,No,28,16328,13,3,1,24,20,6,14,17
1080,39,No,6,8376,18,3,3,9,2,0,2,2
1081,46,No,3,16606,12,3,2,23,13,12,5,1
1082,35,No,16,8606,19,3,3,11,11,8,3,3
1083,23,No,20,2272,14,3,2,5,4,3,1,2
1084,40,Yes,9,2018,14,3,3,15,5,4,1,0
1085,34,No,1,7083,14,3,3,10,10,9,8,6
1086,31,Yes,3,4084,12,3,2,7,7,2,7,7
1087,50,No,22,14411,13,3,2,32,32,6,13,9
1088,34,No,7,2308,25,4,4,12,11,10,5,7
1089,42,No,2,4841,14,3,3,4,1,0,0,0
1090,37,No,13,4285,17,3,2,10,10,8,3,7
1091,29,No,8,9715,13,3,3,9,7,7,0,7
1092,33,No,25,4320,13,3,2,5,5,3,0,2
1093,45,No,28,2132,20,4,3,8,5,4,0,3
1094,42,No,2,10124,14,3,3,24,20,8,13,9
1095,40,No,9,5473,12,3,5,9,8,4,7,1
1096,33,No,28,5207,12,3,3,15,15,14,5,7
1097,40,No,6,16437,21,4,2,21,21,7,7,7
1098,24,No,21,2296,14,3,3,2,1,1,0,0
1099,40,No,8,4069,18,3,2,8,2,2,2,2
1100,45,No,1,7441,12,3,4,10,10,8,7,7
1101,35,No,28,2430,23,4,5,6,5,3,4,2
1102,32,No,5,5878,12,3,2,12,7,1,2,5
1103,36,No,2,2644,21,4,3,7,3,2,1,2
1104,48,No,16,6439,14,3,2,18,8,7,7,7
1105,29,No,9,2451,18,3,2,5,1,0,0,0
1106,33,No,8,6392,13,3,6,8,2,2,2,2
1107,30,Yes,1,9714,11,3,4,10,10,8,6,7
1108,38,No,10,6077,11,3,2,10,6,3,1,2
1109,35,No,1,2450,19,3,3,3,3,0,1,2
1110,30,No,29,9250,12,3,3,9,4,2,1,3
1111,35,Yes,2,2074,12,3,2,1,1,0,0,0
1112,53,Yes,2,10169,16,3,4,34,33,7,1,9
1113,38,Yes,2,4855,11,3,2,7,5,2,1,4
1114,32,No,1,4087,14,3,3,9,6,5,1,2
1115,48,No,15,2367,12,3,3,10,8,2,7,6
1116,34,No,7,2972,13,3,4,1,1,0,0,0
1117,55,No,26,19586,21,4,3,36,36,6,2,13
1118,34,No,1,5484,17,3,3,9,2,2,2,1
1119,26,No,3,2061,21,4,5,1,1,0,0,0
1120,38,No,14,9924,11,3,3,10,9,8,7,7
1121,38,No,16,4198,12,3,5,8,3,2,1,2
1122,36,No,1,6815,13,3,5,15,1,0,0,0
1123,29,No,3,4723,18,3,3,10,10,9,1,5
1124,35,No,10,6142,16,3,4,10,5,2,0,4
1125,39,No,6,8237,11,3,3,11,7,6,7,6
1126,29,No,2,8853,19,3,0,6,6,4,1,3
1127,50,No,9,19331,16,3,2,27,1,0,0,0
1128,23,No,10,2073,16,3,2,4,2,2,2,2
1129,36,No,6,5562,13,3,3,9,3,2,0,2
1130,42,No,9,19613,22,4,2,24,1,0,0,1
1131,35,No,28,3407,17,3,3,10,10,9,6,8
1132,34,No,10,5063,14,3,3,8,8,2,7,7
1133,40,No,14,4639,15,3,2,5,5,4,1,2
1134,43,No,27,4876,12,3,0,8,6,4,0,2
1135,35,No,7,2690,18,3,5,1,1,0,0,1
1136,46,No,1,17567,15,3,5,27,26,0,0,12
1137,28,Yes,24,2408,17,3,3,1,1,1,0,0
1138,22,No,26,2814,14,3,2,4,4,2,1,3
1139,50,No,20,11245,15,3,3,32,30,8,12,13
1140,32,No,5,3312,17,3,3,6,3,2,0,2
1141,44,No,7,19049,14,3,4,23,22,7,1,10
1142,30,No,7,2141,12,3,3,6,6,4,1,1
1143,45,No,5,5769,14,3,3,10,10,7,1,4
1144,45,No,26,4385,15,3,2,10,10,7,4,5
1145,31,No,2,5332,13,3,3,10,5,2,0,3
1146,36,No,12,4663,12,3,2,7,3,2,1,1
1147,34,No,10,4724,13,3,3,9,9,7,7,2
1148,49,No,25,3211,14,3,3,10,9,6,1,4
1149,39,No,10,5377,13,3,3,10,7,7,7,7
1150,27,No,19,4066,11,3,3,7,7,7,0,7
1151,35,No,18,5208,11,3,2,16,16,15,1,10
1152,28,No,27,4877,21,4,5,6,5,3,0,0
1153,21,No,5,3117,18,3,2,3,2,2,2,2
1154,18,Yes,3,1569,12,3,2,0,0,0,0,0
1155,47,No,26,19658,11,3,2,27,5,2,1,0
1156,39,No,3,3069,15,3,3,11,10,8,0,7
1157,40,No,15,10435,13,3,2,18,18,15,14,12
1158,35,No,8,4148,12,3,5,15,14,11,2,9
1159,37,No,19,5768,17,3,2,9,4,3,0,2
1160,39,No,4,5042,13,3,2,10,9,2,3,8
1161,45,No,2,5770,19,3,3,10,10,7,3,9
1162,38,No,2,7756,19,3,6,10,5,4,0,2
1163,35,Yes,10,10306,17,3,3,15,13,12,6,0
1164,37,No,10,3936,11,3,2,8,8,4,7,7
1165,40,No,16,7945,15,3,2,18,4,2,3,3
1166,44,No,1,5743,11,3,3,14,10,7,0,2
1167,48,No,4,15202,25,4,3,23,2,2,2,2
1168,35,Yes,15,5440,14,3,2,7,2,2,2,2
1169,24,No,2,3760,13,3,2,6,6,3,1,3
1170,27,No,8,3517,17,3,0,5,3,2,0,2
1171,27,No,2,2580,13,3,0,6,4,2,1,2
1172,40,Yes,7,2166,14,3,3,10,4,2,0,3
1173,29,No,10,5869,11,3,2,8,5,2,1,4
1174,36,No,5,8008,12,3,6,9,3,2,0,2
1175,25,No,2,5206,17,3,6,7,7,7,0,7
1176,39,No,12,5295,21,4,3,7,5,4,1,0
1177,49,No,22,16413,16,3,2,27,4,2,1,2
1178,50,No,17,13269,15,3,3,19,14,11,1,11
1179,20,No,2,2783,19,3,3,2,2,2,2,2
1180,34,No,3,5433,12,3,2,11,11,8,7,9
1181,36,No,7,2013,11,3,4,15,4,3,1,3
1182,49,No,6,13966,19,3,3,30,15,11,2,12
1183,36,No,1,4374,15,3,6,4,3,2,1,2
1184,36,No,3,6842,20,4,3,13,5,4,0,4
1185,54,No,22,17426,25,4,6,36,10,8,4,7
1186,43,No,15,17603,24,4,3,14,14,10,6,11
1187,35,Yes,12,4581,24,4,2,13,11,9,6,7
1188,38,No,1,4735,15,3,4,19,13,11,2,9
1189,29,No,5,4187,13,3,3,10,10,0,0,9
1190,33,No,2,5505,14,3,5,6,6,2,0,4
1191,32,No,2,5470,13,3,4,10,9,5,1,6
1192,31,No,5,5476,11,3,2,10,10,0,0,2
1193,49,No,16,2587,16,3,2,17,2,2,2,2
1194,38,No,2,2440,22,4,3,4,4,3,3,3
1195,47,No,2,15972,14,3,2,29,3,2,1,2
1196,49,No,1,15379,14,3,2,23,8,7,0,0
1197,41,No,23,7082,16,3,2,21,2,0,0,2
1198,20,No,9,2728,11,3,3,2,2,2,0,2
1199,33,No,16,5368,25,4,2,7,6,5,1,2
1200,36,No,26,5347,14,3,2,10,3,2,0,2
1201,44,No,1,3195,18,3,2,8,2,2,2,2
1202,23,Yes,8,3989,11,3,2,5,5,4,1,2
1203,38,No,4,3306,19,3,5,7,0,0,0,0
1204,53,No,24,7005,15,3,2,11,4,3,1,2
1205,48,Yes,7,2655,11,3,3,19,9,7,7,7
1206,32,Yes,2,1393,12,3,2,1,1,0,0,0
1207,26,No,7,2570,20,4,5,7,7,7,5,7
1208,55,No,22,3537,12,3,1,8,4,2,1,2
1209,34,No,5,3986,14,3,3,15,15,10,4,13
1210,60,No,1,10883,20,4,2,19,1,0,0,0
1211,33,No,21,2028,18,3,6,14,14,11,2,13
1212,37,No,1,9525,14,3,2,6,6,3,1,3
1213,34,No,19,2929,12,3,3,10,10,9,8,7
1214,23,Yes,7,2275,21,4,2,3,3,2,0,2
1215,44,No,2,7879,19,3,2,9,8,7,6,7
1216,35,No,2,4930,14,3,2,6,5,4,1,4
1217,43,No,2,7847,17,3,3,10,10,9,8,8
1218,24,No,9,4401,16,3,1,5,5,3,0,4
1219,41,No,6,9241,12,3,3,10,10,8,8,7
1220,29,No,9,2974,17,3,2,9,5,3,1,2
1221,36,No,2,4502,15,3,2,17,13,7,6,7
1222,45,No,1,10748,23,4,3,25,23,15,14,4
1223,24,Yes,22,1555,11,3,2,1,1,0,0,0
1224,47,Yes,9,12936,11,3,3,25,23,5,14,10
1225,26,No,17,2305,15,3,3,3,3,2,0,2
1226,45,No,28,16704,11,3,2,21,21,6,8,6
1227,32,No,10,3433,13,3,3,10,5,2,1,3
1228,31,No,2,3477,14,3,2,6,5,2,0,3
1229,41,No,4,6430,19,3,4,10,3,2,1,2
1230,40,No,8,6516,16,3,3,18,1,0,0,0
1231,24,No,29,3907,13,3,2,6,6,2,1,2
1232,46,No,13,5562,14,3,3,19,10,7,0,9
1233,35,No,27,6883,16,3,3,17,7,7,0,7
1234,30,No,16,2862,12,3,2,10,10,0,0,8
1235,47,No,2,4978,11,3,3,4,1,0,0,0
1236,46,No,2,10368,12,3,5,13,10,6,0,3
1237,36,Yes,13,6134,13,3,3,16,2,2,2,2
1238,32,Yes,1,6735,15,3,2,10,0,0,0,0
1239,23,No,4,3295,13,3,3,3,3,2,1,2
1240,31,No,24,5238,20,4,3,9,5,4,1,4
1241,39,No,1,6472,15,3,2,9,9,8,5,8
1242,32,No,19,9610,13,3,2,10,4,3,0,2
1243,40,No,7,19833,14,3,3,21,21,8,12,8
1244,45,No,4,9756,21,4,2,9,5,0,0,3
1245,30,No,2,4968,16,3,2,10,9,7,0,7
1246,24,No,10,2145,14,3,2,3,2,2,2,1
1247,30,Yes,8,2180,11,3,0,6,4,2,1,2
1248,31,No,5,8346,19,3,3,6,5,2,0,2
1249,27,No,8,3445,11,3,5,6,6,2,1,4
1250,29,Yes,9,2760,13,3,3,2,2,2,2,2
1251,29,No,1,6294,12,3,5,10,3,2,0,2
1252,30,No,15,7140,11,3,2,12,7,7,1,7
1253,34,No,2,2932,14,3,3,6,5,0,1,2
1254,33,No,2,5147,15,3,2,13,11,7,1,7
1255,49,No,11,4507,12,3,1,8,5,1,0,4
1256,33,Yes,16,8564,20,4,2,11,0,0,0,0
1257,38,No,2,2468,14,3,4,9,6,1,0,5
1258,31,Yes,16,8161,13,3,2,10,1,0,0,0
1259,29,No,4,2109,13,3,2,1,1,0,0,0
1260,30,No,16,5294,16,3,3,10,7,0,1,7
1261,32,No,5,2718,14,3,3,12,7,7,0,7
1262,38,No,18,5811,16,3,2,15,1,0,1,0
1263,43,Yes,17,2437,16,3,4,6,1,0,0,0
1264,42,No,12,2766,22,4,6,7,5,3,0,4
1265,55,No,2,19038,12,3,2,34,1,0,0,0
1266,33,No,4,3055,15,3,2,11,9,8,1,7
1267,41,No,9,2289,20,4,2,5,5,3,0,4
1268,34,No,10,4001,14,3,3,15,15,14,0,7
1269,53,No,1,12965,20,4,2,27,3,2,0,2
1270,43,No,2,3539,13,3,5,10,9,7,1,8
1271,34,No,3,6029,12,3,3,6,2,2,2,2
1272,21,Yes,7,2679,13,3,3,1,1,0,1,0
1273,38,No,6,3702,11,3,3,5,5,4,0,4
1274,22,Yes,8,2398,17,3,6,1,1,0,0,0
1275,31,No,29,5468,14,3,3,13,12,7,5,7
1276,51,No,3,13116,11,3,2,15,2,2,2,2
1277,37,No,9,4189,14,3,2,5,5,2,0,3
1278,46,No,2,19328,17,3,3,24,2,1,2,2
1279,36,No,10,8321,13,3,1,15,12,8,5,7
1280,44,Yes,1,2342,12,3,2,6,5,3,2,3
1281,37,No,8,4071,13,3,4,19,10,0,4,7
1282,35,Yes,27,5813,18,3,2,10,10,7,7,7
1283,33,No,8,3143,19,3,1,14,10,8,7,6
1284,28,No,1,2044,11,3,6,5,5,3,0,3
1285,39,No,10,13464,21,4,3,9,4,3,2,2
1286,46,No,26,7991,15,3,3,6,2,2,2,2
1287,40,No,2,3377,17,3,5,7,4,3,0,2
1288,42,No,13,5538,18,3,2,10,0,0,0,0
1289,35,No,2,5762,14,3,6,15,7,7,1,7
1290,38,No,2,2592,13,3,3,13,11,10,3,8
1291,34,Yes,9,5346,17,3,3,11,7,1,0,7
1292,37,Yes,10,4213,15,3,4,10,10,3,0,8
1293,39,No,20,4127,18,3,6,7,2,1,2,2
1294,43,No,9,2438,13,3,2,7,3,2,1,2
1295,41,No,5,6870,12,3,3,11,3,2,1,2
1296,41,No,4,10447,13,3,3,23,22,14,13,5
1297,30,No,10,9667,14,3,3,9,7,7,0,2
1298,26,Yes,20,2148,11,3,3,6,5,1,1,4
1299,46,Yes,21,8926,22,4,2,13,9,7,3,7
1300,40,No,1,6513,17,3,3,12,5,3,0,3
1301,34,No,8,6799,21,4,5,10,10,8,4,8
1302,58,No,2,16291,22,4,0,37,16,9,14,14
1303,35,No,23,2705,16,3,2,6,5,4,0,3
1304,47,No,4,10333,12,3,4,28,22,11,14,10
1305,40,No,12,4448,12,3,3,15,7,4,7,7
1306,54,No,7,6854,15,3,2,14,7,1,1,7
1307,31,No,7,9637,14,3,3,9,3,2,2,2
1308,28,No,1,3591,25,4,3,3,3,2,1,2
1309,38,No,2,5405,20,4,4,20,4,2,0,3
1310,26,No,10,4684,13,3,4,5,5,3,1,2
1311,58,No,15,15787,14,3,3,23,2,2,2,2
1312,18,No,14,1514,16,3,4,0,0,0,0,0
1313,31,Yes,18,2956,17,3,4,2,1,0,0,0
1314,29,Yes,13,2335,15,3,3,4,2,2,2,0
1315,45,No,2,5154,22,4,3,10,8,7,5,7
1316,36,No,2,6962,22,4,2,15,1,0,0,0
1317,43,No,2,5675,20,4,5,7,7,7,7,7
1318,27,No,5,2379,14,3,3,6,5,4,0,2
1319,29,No,20,3812,13,3,3,11,11,8,3,10
1320,32,No,10,4648,13,3,2,4,0,0,0,0
1321,42,No,10,2936,22,4,1,10,6,3,3,3
1322,47,No,9,2105,12,3,2,7,2,2,2,0
1323,46,No,2,8578,14,3,4,12,9,8,4,7
1324,28,No,1,2706,15,3,2,3,3,2,2,2
1325,29,No,29,6384,17,3,3,11,7,0,1,6
1326,42,No,8,3968,13,3,3,8,0,0,0,0
1327,32,Yes,2,9907,12,3,3,7,2,2,2,2
1328,46,No,3,13225,12,3,5,25,19,17,2,8
1329,27,No,23,3540,21,4,5,9,9,8,5,8
1330,29,No,6,2804,11,3,3,1,1,0,0,0
1331,43,No,6,19392,13,3,2,21,16,12,6,14
1332,48,No,10,19665,12,3,3,29,22,10,12,9
1333,29,Yes,24,2439,24,4,3,1,1,0,1,0
1334,46,Yes,10,7314,21,4,2,14,8,7,0,7
1335,27,No,15,4774,19,3,2,8,7,6,7,3
1336,39,No,19,3902,14,3,2,7,2,2,2,2
1337,55,No,2,2662,20,4,2,19,5,2,0,4
1338,28,No,3,2856,19,3,3,1,1,0,0,0
1339,30,Yes,9,1081,13,3,3,1,1,0,0,0
1340,22,Yes,7,2472,23,4,2,1,1,0,0,0
1341,36,No,10,5673,13,3,4,10,10,9,1,7
1342,31,No,20,4197,11,3,2,10,10,8,0,2
1343,34,No,4,9713,13,3,3,9,5,3,1,0
1344,29,No,7,2062,14,3,2,11,3,2,1,2
1345,37,No,7,4284,22,4,2,16,5,3,0,4
1346,35,No,16,4788,11,3,2,4,3,2,0,2
1347,45,No,25,5906,13,3,2,10,9,8,3,8
1348,36,No,2,3886,21,4,2,10,10,1,0,8
1349,40,No,1,16823,11,3,3,22,19,7,11,16
1350,26,No,1,2933,13,3,3,1,1,0,1,0
1351,27,No,2,6500,14,3,5,9,8,7,0,7
1352,48,No,22,17174,11,3,3,24,22,17,4,7
1353,44,No,1,5033,15,3,5,10,2,0,2,2
1354,34,Yes,16,2307,23,4,2,5,5,2,3,0
1355,56,Yes,24,2587,16,3,3,5,4,2,1,0
1356,36,No,17,5507,16,3,1,12,4,2,1,3
1357,41,No,8,4393,21,4,3,14,5,4,1,4
1358,42,No,6,13348,13,3,3,18,13,7,5,7
1359,31,No,10,6583,11,3,2,8,5,2,1,4
1360,34,No,3,8103,12,3,3,9,4,2,0,1
1361,31,No,4,3978,12,3,0,4,2,2,2,2
1362,26,No,6,2544,18,3,3,8,7,7,7,7
1363,45,No,1,5399,12,3,3,12,4,2,0,3
1364,33,No,10,5487,14,3,2,10,10,4,0,9
1365,28,No,1,6834,12,3,2,7,7,7,0,7
1366,29,Yes,24,1091,17,3,3,1,1,0,0,0
1367,39,No,21,5736,19,3,1,10,3,2,1,2
1368,27,No,2,2226,11,3,3,6,5,3,1,2
1369,34,No,22,5747,15,3,3,16,15,10,6,11
1370,28,Yes,13,9854,11,3,0,6,2,0,2,2
1371,47,No,14,5467,18,3,4,16,8,7,1,7
1372,56,No,11,5380,16,3,3,6,0,0,0,0
1373,39,No,9,5151,25,4,3,10,10,0,7,9
1374,38,No,8,2133,16,3,3,20,20,11,0,7
1375,58,No,21,17875,13,3,2,29,1,0,0,0
1376,32,Yes,5,2432,14,3,2,8,4,1,0,3
1377,38,No,9,4771,19,3,0,10,5,2,0,3
1378,49,No,2,19161,15,3,3,28,5,4,4,3
1379,42,No,12,5087,12,3,4,14,0,0,0,0
1380,27,Yes,22,2863,12,3,2,1,1,0,0,0
1381,35,No,18,5561,16,3,2,6,5,3,0,4
1382,28,No,16,2144,14,3,3,5,5,3,1,4
1383,31,No,3,3065,13,3,3,4,4,2,2,3
1384,36,No,9,2810,22,4,3,5,5,4,0,2
1385,34,No,1,9888,21,4,3,14,14,8,2,1
1386,34,No,13,8628,18,3,2,9,8,7,1,1
1387,26,No,1,2867,13,3,6,8,7,7,7,6
1388,29,No,1,5373,12,3,5,6,5,3,0,2
1389,32,No,15,6667,18,3,6,9,5,1,1,2
1390,31,No,1,5003,21,4,6,10,10,8,8,7
1391,28,Yes,17,2367,12,3,2,6,4,1,0,3
1392,38,No,1,2858,14,3,3,20,1,0,0,0
1393,35,No,7,5204,11,3,2,10,10,8,0,9
1394,27,No,9,4105,14,3,5,7,7,7,0,7
1395,32,No,5,9679,24,4,1,8,1,0,0,0
1396,31,Yes,26,5617,11,3,4,10,10,7,0,8
1397,53,Yes,24,10448,13,3,2,15,2,2,2,2
1398,54,No,9,2897,11,3,6,9,4,3,2,3
1399,33,No,7,5968,20,4,2,9,9,7,2,8
1400,43,No,11,7510,17,3,1,10,10,9,0,9
1401,38,No,1,2991,11,3,2,7,6,2,1,2
1402,55,No,26,19636,18,3,0,35,10,9,1,4
1403,31,No,2,1129,11,3,4,1,1,0,0,0
1404,39,No,15,13341,12,3,3,21,20,8,11,10
1405,42,No,23,4332,12,3,2,20,20,9,3,7
1406,31,No,10,11031,20,4,2,13,11,7,4,8
1407,54,No,10,4440,19,3,3,9,5,2,1,4
1408,24,No,1,4617,12,3,2,4,4,3,1,2
1409,23,No,12,2647,13,3,6,5,5,2,1,4
1410,40,No,11,6323,11,3,2,10,10,9,9,4
1411,40,No,2,5677,14,3,4,15,11,8,5,10
1412,25,No,2,2187,14,3,3,6,2,0,1,2
1413,30,No,1,3748,13,3,6,12,12,8,1,7
1414,25,No,2,3977,19,3,2,7,2,2,0,2
1415,47,No,25,8633,23,4,3,25,17,14,12,11
1416,33,No,1,2008,12,3,2,1,1,1,0,0
1417,38,No,1,4440,15,3,3,16,15,13,5,8
1418,31,No,2,3067,19,3,1,3,2,2,1,2
1419,38,No,6,5321,11,3,1,10,8,3,7,7
1420,42,No,18,5410,17,3,3,9,4,3,1,2
1421,41,No,1,2782,22,4,3,12,5,3,1,0
1422,47,No,1,11957,18,3,3,14,13,8,5,12
1423,35,No,11,2660,11,3,3,5,2,2,2,2
1424,22,No,1,3375,12,3,2,4,3,2,1,2
1425,35,No,9,5098,19,3,5,10,10,7,0,8
1426,33,No,15,4878,13,3,6,10,9,7,8,1
1427,32,No,29,2837,13,3,3,6,6,2,4,1
1428,40,No,1,2406,19,3,3,8,1,0,0,0
1429,32,No,1,2269,14,3,2,3,2,2,2,2
1430,39,No,24,4108,13,3,2,18,7,7,1,7
1431,38,No,10,13206,12,3,3,20,18,16,1,11
1432,32,No,1,10422,19,3,3,14,14,10,5,7
1433,37,No,10,13744,25,4,2,16,16,11,6,8
1434,25,No,8,4907,22,4,3,6,5,3,0,4
1435,52,No,29,3482,15,3,3,16,9,8,0,0
1436,44,No,1,2436,12,3,2,6,4,3,1,2
1437,21,No,5,2380,11,3,6,2,2,2,1,2
1438,39,No,9,19431,13,3,3,21,6,0,1,3
1439,23,Yes,9,1790,19,3,3,1,1,0,1,0
1440,36,No,3,7644,19,3,2,10,9,7,3,4
1441,36,No,4,5131,13,3,3,18,4,2,0,2
1442,56,No,1,6306,21,4,2,13,13,12,1,9
1443,29,Yes,1,4787,14,3,3,4,2,2,2,2
1444,42,No,2,18880,11,3,2,24,22,6,4,14
1445,56,Yes,7,2339,11,3,4,14,10,9,9,8
1446,41,No,28,13570,23,4,3,21,20,7,0,10
1447,34,No,28,6712,21,4,2,8,8,7,1,7
1448,36,No,15,5406,24,4,4,15,15,12,11,11
1449,41,No,3,8938,11,3,5,14,5,4,0,4
1450,32,No,2,2439,14,3,4,4,4,2,1,2
1451,35,No,26,8837,16,3,2,9,9,0,1,7
1452,38,No,10,5343,11,3,1,10,10,7,1,9
1453,50,Yes,1,6728,12,3,3,12,6,3,0,1
1454,36,No,11,6652,13,3,2,8,6,3,0,0
1455,45,No,20,4850,15,3,3,8,5,3,0,1
1456,40,No,2,2809,14,3,2,8,2,2,2,2
1457,35,No,18,5689,14,3,2,10,10,2,0,2
1458,40,No,2,2001,14,3,2,20,5,3,0,2
1459,35,No,1,2977,12,3,5,4,4,3,1,1
1460,29,No,13,4025,13,3,2,10,4,3,0,3
1461,29,No,28,3785,14,3,3,5,5,4,0,4
1462,50,Yes,28,10854,13,3,3,20,3,2,2,0
1463,39,No,24,12031,11,3,2,21,20,9,9,6
1464,31,No,5,9936,19,3,2,10,9,4,1,7
1465,26,No,5,2966,18,3,2,5,4,2,0,0
1466,36,No,23,2571,17,3,3,17,5,2,0,3
1467,39,No,6,9991,15,3,5,9,7,7,1,7
1468,27,No,4,6142,20,4,0,6,6,2,0,3
1469,49,No,2,5390,14,3,3,17,9,6,0,8
1470,34,No,8,4404,12,3,3,6,4,3,1,2
